{ "address": "30 ROCKEFELLER PLAZA", "numberFloors": 70, "vertices" : [[990072.619400, 215647.324400, 0.0],[989596.626400, 215912.143400, 0.0],[989680.182600, 216057.832200, 0.0],[989738.066400, 216027.612400, 0.0],[989751.147, 216049.564400, 0.0],[990167.284600, 215821.973000, 0.0]] }
