{ "address": "768 5 AVENUE", "numberFloors": 19, "vertices" : [[991208.972200, 217861.335600, 0.0],[991231.928200, 217850.249800, 0.0],[991279.254200, 217936.073000, 0.0],[991496.809400, 217819.242600, 0.0],[991404.149000, 217644.587400, 0.0],[991152.663200, 217780.5484, 0.0],[991198.995000, 217867.375800, 0.0]] }
