{ "address": "825 5 AVENUE", "numberFloors": 23, "vertices" : [[992359.983600, 218785.415200, 0.0],[992465.764200, 218728.010400, 0.0],[992431.5352, 218667.137800, 0.0],[992325.748000, 218723.542000, 0.0]] }
